V,E,cmp_matrix_array,cmp_list_heap,sec_matrix_array,sec_list_heap
100,500,5307.0,1243.0,0.001054902666671372,0.0004202530000062173
200,1000,20609.0,2860.6666666666665,0.0034231593333421038,0.0008379023333399497
300,1500,45930.666666666664,4673.333333333333,0.00800638833334233,0.0016002510000040122
400,2000,81228.0,6516.333333333333,0.014384414666674653,0.002129350333319735
500,2500,126525.33333333333,8474.333333333334,0.02256271933332717,0.002701825333341882
600,3000,181841.66666666666,10463.666666666666,0.033351389333338,0.0033856780000007802
700,3500,247155.0,12542.333333333334,0.051225457333335576,0.006235396666672462
800,4000,322413.6666666667,14701.333333333334,0.0631775576666674,0.0047970220000005765
900,4500,407800.0,16826.0,0.07980502733333121,0.005617559000000938
1000,5000,503004.6666666667,18801.666666666668,0.09373098666666617,0.006224168333327877
