V,E,scan_cmp,relax_cmp,total_cmp,seconds
100,5000,5050.0,2515.8,7565.8,0.0011548500000344575
200,5000,20100.0,2467.2,22567.2,0.003614093999999568
200,10000,20100.0,5005.8,25105.8,0.003918698999996195
200,15000,20100.0,7543.6,27643.6,0.0041710140000077445
200,20000,20100.0,10024.6,30124.6,0.004522958000052313
200,25000,20100.0,12484.0,32584.0,0.004708203000063804
200,30000,20100.0,15014.6,35114.6,0.004735982000056538
200,35000,20100.0,17517.2,37617.2,0.0048689460001014595
300,5000,45150.0,2474.8,47624.8,0.0077901829999973415
300,10000,45150.0,4994.6,50144.6,0.008031907000031424
300,15000,45150.0,7544.8,52694.8,0.008268186000009337
300,20000,45150.0,10080.0,55230.0,0.008752684999990379
300,25000,45150.0,12545.8,57695.8,0.009075255999960063
300,30000,45150.0,15020.4,60170.4,0.012738634000015736
300,35000,45150.0,17506.0,62656.0,0.009842254999966826
300,40000,45150.0,20014.8,65164.8,0.00982948299997588
300,45000,45150.0,22487.4,67637.4,0.010115731999917443
300,50000,45150.0,24994.2,70144.2,0.010530155999958879
300,55000,45150.0,27537.8,72687.8,0.010787877999973716
300,60000,45150.0,30040.8,75190.8,0.010820399000067482
300,65000,45150.0,32475.6,77625.6,0.010697197000013148
300,70000,45150.0,35041.8,80191.8,0.011016103000088151
300,75000,45150.0,37535.4,82685.4,0.010974182999916593
300,80000,45150.0,39979.4,85129.4,0.011395010999990518
300,85000,45150.0,42472.0,87622.0,0.011098231999994823
400,5000,80200.0,2511.6,82711.6,0.014061582999943312
400,10000,80200.0,5042.2,85242.2,0.014179337999962627
400,15000,80200.0,7528.8,87728.8,0.01470072299991898
400,20000,80200.0,9939.6,90139.6,0.014823199000034037
400,25000,80200.0,12384.4,92584.4,0.015106196000033378
400,30000,80200.0,14927.2,95127.2,0.015469445000007909
400,35000,80200.0,17406.8,97606.8,0.015924208999990697
400,40000,80200.0,19948.4,100148.4,0.016348562999951355
400,45000,80200.0,22456.6,102656.6,0.01630840600000738
400,50000,80200.0,24914.8,105114.8,0.01677961099994718
400,55000,80200.0,27494.8,107694.8,0.016847034999955213
400,60000,80200.0,29956.0,110156.0,0.017196110999975645
400,65000,80200.0,32433.6,112633.6,0.02192484299996522
400,70000,80200.0,34946.0,115146.0,0.018368828999996367
400,75000,80200.0,37455.0,117655.0,0.019486710999899515
400,80000,80200.0,39987.2,120187.2,0.01871312699995542
400,85000,80200.0,42455.4,122655.4,0.01935627700004261
400,90000,80200.0,45015.2,125215.2,0.021018770000068798
400,95000,80200.0,47472.4,127672.4,0.019072319999963838
400,100000,80200.0,50023.0,130223.0,0.0195472069999596
500,5000,125250.0,2531.0,127781.0,0.024153799999908188
500,10000,125250.0,5017.6,130267.6,0.02286723199995322
500,15000,125250.0,7479.6,132729.6,0.02296025800001189
500,20000,125250.0,10021.8,135271.8,0.024473922000083803
500,25000,125250.0,12483.0,137733.0,0.023775916999966284
500,30000,125250.0,14972.4,140222.4,0.023833318000015424
500,35000,125250.0,17501.8,142751.8,0.024095175000070412
500,40000,125250.0,19963.4,145213.4,0.024950655999987248
500,45000,125250.0,22447.4,147697.4,0.02488104500002919
500,50000,125250.0,24949.2,150199.2,0.025225320000004103
500,55000,125250.0,27472.8,152722.8,0.02559015700001055
500,60000,125250.0,30033.0,155283.0,0.025488087999974596
500,65000,125250.0,32532.2,157782.2,0.025813079000045036
500,70000,125250.0,35025.2,160275.2,0.026840192000008756
500,75000,125250.0,37500.6,162750.6,0.029747222999958467
500,80000,125250.0,39982.8,165232.8,0.027173360999995566
500,85000,125250.0,42389.8,167639.8,0.0277288290000115
500,90000,125250.0,44999.0,170249.0,0.028277475999971102
500,95000,125250.0,47494.0,172744.0,0.028758717000073375
500,100000,125250.0,49936.2,175186.2,0.028191172999981973
600,5000,180300.0,2514.0,182814.0,0.03358267600003728
600,10000,180300.0,5019.4,185319.4,0.033016826999983095
600,15000,180300.0,7524.0,187824.0,0.03251530800002911
600,20000,180300.0,9995.4,190295.4,0.03261663800003589
600,25000,180300.0,12531.0,192831.0,0.032862156999954095
600,30000,180300.0,14976.0,195276.0,0.03329466599996067
600,35000,180300.0,17476.8,197776.8,0.03386129700004403
600,40000,180300.0,19975.0,200275.0,0.048218593999990844
600,45000,180300.0,22460.0,202760.0,0.05062328700000762
600,50000,180300.0,24969.2,205269.2,0.03500974199994289
600,55000,180300.0,27478.6,207778.6,0.03594170899998517
600,60000,180300.0,29967.0,210267.0,0.03507282300006409
600,65000,180300.0,32471.0,212771.0,0.03587936199994601
600,70000,180300.0,34939.6,215239.6,0.0368409210000209
600,75000,180300.0,37448.0,217748.0,0.04165831800003161
600,80000,180300.0,39985.2,220285.2,0.038621332000047914
600,85000,180300.0,42468.6,222768.6,0.03683762499997556
600,90000,180300.0,45015.4,225315.4,0.039350658999978805
600,95000,180300.0,47480.4,227780.4,0.037551665000023604
600,100000,180300.0,49989.0,230289.0,0.038922015999901305
700,5000,245350.0,2547.2,247897.2,0.045968576999939614
700,10000,245350.0,5009.6,250359.6,0.05534816799990949
700,15000,245350.0,7534.0,252884.0,0.044902649999926325
700,20000,245350.0,10038.4,255388.4,0.04530416799991599
700,25000,245350.0,12501.8,257851.8,0.0445023490000267
700,30000,245350.0,14991.2,260341.2,0.04536158200005502
700,35000,245350.0,17455.8,262805.8,0.05553012600000784
700,40000,245350.0,19974.4,265324.4,0.04627221600003395
700,45000,245350.0,22539.0,267889.0,0.047085959000014554
700,50000,245350.0,24997.6,270347.6,0.04638383500002874
700,55000,245350.0,27488.6,272838.6,0.046346385999981976
700,60000,245350.0,30007.6,275357.6,0.04789882400007173
700,65000,245350.0,32567.8,277917.8,0.047535570999912125
700,70000,245350.0,35056.2,280406.2,0.04693075400007274
700,75000,245350.0,37617.4,282967.4,0.046903252999982215
700,80000,245350.0,40059.0,285409.0,0.047705488000019614
700,85000,245350.0,42559.8,287909.8,0.04802264099998865
700,90000,245350.0,45027.2,290377.2,0.04817815499995959
700,95000,245350.0,47544.6,292894.6,0.051946225999927265
700,100000,245350.0,50064.6,295414.6,0.049377975999959745
800,5000,320400.0,2539.4,322939.4,0.05882466100001693
800,10000,320400.0,5007.8,325407.8,0.058381826999948316
800,15000,320400.0,7510.2,327910.2,0.05870238199997857
800,20000,320400.0,10014.6,330414.6,0.058706725000092774
800,25000,320400.0,12548.0,332948.0,0.05775731799997175
800,30000,320400.0,15024.0,335424.0,0.05777697399992121
800,35000,320400.0,17506.6,337906.6,0.05841515099996286
800,40000,320400.0,19962.2,340362.2,0.059126383000034366
800,45000,320400.0,22492.6,342892.6,0.061957545000041137
800,50000,320400.0,25006.8,345406.8,0.062402243999940765
800,55000,320400.0,27488.8,347888.8,0.06297898200000418
800,60000,320400.0,29991.8,350391.8,0.060913127999924654
800,65000,320400.0,32460.2,352860.2,0.06103852800004006
800,70000,320400.0,34942.2,355342.2,0.06128136799998174
800,75000,320400.0,37422.8,357822.8,0.06155976200000168
800,80000,320400.0,39959.6,360359.6,0.06280246900007569
800,85000,320400.0,42473.4,362873.4,0.06788204099996165
800,90000,320400.0,44983.6,365383.6,0.06328379600006429
800,95000,320400.0,47472.0,367872.0,0.06349783500002104
800,100000,320400.0,49967.8,370367.8,0.07878521700001784
900,5000,405450.0,2562.6,408012.6,0.07711636199996974
900,10000,405450.0,5006.0,410456.0,0.07741622600008213
900,15000,405450.0,7505.0,412955.0,0.08489251500009232
900,20000,405450.0,9973.2,415423.2,0.07611908299998049
900,25000,405450.0,12520.4,417970.4,0.07424314899992623
900,30000,405450.0,14975.2,420425.2,0.07355383799995252
900,35000,405450.0,17501.2,422951.2,0.07423787700008688
900,40000,405450.0,20043.2,425493.2,0.07424239199997373
900,45000,405450.0,22528.6,427978.6,0.07510776100002658
900,50000,405450.0,24975.0,430425.0,0.07589338299999326
900,55000,405450.0,27528.2,432978.2,0.07672009999998863
900,60000,405450.0,30006.6,435456.6,0.07873296399998253
900,65000,405450.0,32511.2,437961.2,0.0774191159999873
900,70000,405450.0,35019.0,440469.0,0.07949526299989884
900,75000,405450.0,37518.4,442968.4,0.07708225299995775
900,80000,405450.0,40027.6,445477.6,0.07774696499996026
900,85000,405450.0,42589.6,448039.6,0.08017049499994755
900,90000,405450.0,45025.0,450475.0,0.08984155000007377
900,95000,405450.0,47613.6,453063.6,0.08097689700002775
900,100000,405450.0,50090.0,455540.0,0.08093741800007592
1000,5000,500500.0,2519.2,503019.2,0.0952846600000612
1000,10000,500500.0,5031.4,505531.4,0.09576772600007644
1000,15000,500500.0,7520.0,508020.0,0.09301168500007861
1000,20000,500500.0,9976.2,510476.2,0.09686286700002711
1000,25000,500500.0,12525.4,513025.4,0.09223414999996749
1000,30000,500500.0,15001.8,515501.8,0.09118296799999825
1000,35000,500500.0,17508.8,518008.8,0.09367985699998371
1000,40000,500500.0,20060.0,520560.0,0.0928081710000015
1000,45000,500500.0,22569.0,523069.0,0.0943954220000478
1000,50000,500500.0,24987.4,525487.4,0.09721758199998476
1000,55000,500500.0,27416.6,527916.6,0.09368028599999434
1000,60000,500500.0,30014.2,530514.2,0.09438070200008042
1000,65000,500500.0,32540.6,533040.6,0.09563800299997638
1000,70000,500500.0,35050.0,535550.0,0.09612225399996532
1000,75000,500500.0,37560.2,538060.2,0.09348547400009011
1000,80000,500500.0,40039.6,540539.6,0.0946258389999457
1000,85000,500500.0,42492.2,542992.2,0.10279296099997737
1000,90000,500500.0,44996.4,545496.4,0.0999783130000651
1000,95000,500500.0,47548.2,548048.2,0.0957675479999125
1000,100000,500500.0,49994.0,550494.0,0.09729493499992259
