V,E,heap_cmp,relax_cmp,stale_cmp,total_cmp,updates_K,seconds
100,5000,4526.2,5000.0,326.4,9852.6,325.4,0.0006709999870508909
200,5000,8183.0,5000.0,540.6,13723.6,539.6,0.001062600000295788
200,10000,10433.8,10000.0,657.8,21091.6,656.8,0.001445600006263703
200,15000,11696.4,15000.0,716.2,27412.6,715.2,0.0016955999890342355
200,20000,12427.2,20000.0,755.0,33182.2,754.0,0.001952500024344772
200,25000,13065.6,25000.0,788.6,38854.2,787.6,0.0021216999739408493
200,30000,13059.4,30000.0,787.0,43846.4,786.0,0.002274799975566566
200,35000,13534.6,35000.0,810.0,49344.6,809.0,0.0024056999827735126
300,5000,11261.0,5000.0,718.2,16979.2,717.2,0.0014597999979741871
300,10000,14841.4,10000.0,888.6,25730.0,887.6,0.002056600002106279
300,15000,16867.2,15000.0,988.8,32856.0,987.8,0.002380699967034161
300,20000,18328.0,20000.0,1061.6,39389.6,1060.6,0.0026008000131696463
300,25000,19428.0,25000.0,1117.4,45545.4,1116.4,0.002849999989848584
300,30000,20101.8,30000.0,1149.6,51251.4,1148.6,0.003140099986921996
300,35000,20514.6,35000.0,1172.6,56687.2,1171.6,0.003234799951314926
300,40000,21244.2,40000.0,1204.8,62449.0,1203.8,0.003443799971137196
300,45000,21397.8,45000.0,1210.2,67608.0,1209.2,0.003764999972190708
300,50000,21172.2,50000.0,1201.2,72373.4,1200.2,0.0038518999936059117
300,55000,21600.4,55000.0,1220.0,77820.4,1219.0,0.004047100024763495
300,60000,22505.6,60000.0,1256.2,83761.8,1255.2,0.0042703000362962484
300,65000,23284.6,65000.0,1289.0,89573.6,1288.0,0.004652899981010705
300,70000,22486.4,70000.0,1253.6,93740.0,1252.6,0.004719500022474676
300,75000,22712.8,75000.0,1264.6,98977.4,1263.6,0.005099000001791865
300,80000,23257.4,80000.0,1287.6,104545.0,1286.6,0.004933200019877404
300,85000,23441.6,85000.0,1293.0,109734.6,1292.0,0.005238000012468547
400,5000,13889.2,5000.0,859.6,19748.8,858.6,0.0017170000355690718
400,10000,18512.8,10000.0,1081.4,29594.2,1080.4,0.0023450000444427133
400,15000,21424.2,15000.0,1225.8,37650.0,1224.8,0.0028625999693758786
400,20000,23435.0,20000.0,1317.2,44752.2,1316.2,0.0031404999899677932
400,25000,24995.8,25000.0,1387.0,51382.8,1386.0,0.0036493000225163996
400,30000,26255.6,30000.0,1441.8,57697.4,1440.8,0.003959299996495247
400,35000,27060.6,35000.0,1476.8,63537.4,1475.8,0.004243500006850809
400,40000,27992.4,40000.0,1517.8,69510.2,1516.8,0.0046252000029198825
400,45000,28350.0,45000.0,1535.2,74885.2,1534.2,0.004823199997190386
400,50000,28902.4,50000.0,1558.6,80461.0,1557.6,0.004979900026228279
400,55000,29061.2,55000.0,1566.8,85628.0,1565.8,0.005531199974939227
400,60000,29960.8,60000.0,1607.2,91568.0,1606.2,0.00588640000205487
400,65000,30048.0,65000.0,1609.4,96657.4,1608.4,0.006150499975774437
400,70000,30692.8,70000.0,1637.8,102330.6,1636.8,0.006273600040003657
400,75000,30990.4,75000.0,1653.2,107643.6,1652.2,0.006841800000984222
400,80000,31247.6,80000.0,1668.8,112916.4,1667.8,0.007228999980725348
400,85000,31414.6,85000.0,1674.0,118088.6,1673.0,0.006740700046066195
400,90000,31826.2,90000.0,1696.2,123522.4,1695.2,0.006848399993032217
400,95000,32225.6,95000.0,1710.2,128935.8,1709.2,0.006983899977058172
400,100000,32408.8,100000.0,1719.2,134128.0,1718.2,0.007328200037591159
500,5000,16275.4,5000.0,991.2,22266.6,990.2,0.0019868999952450395
500,10000,21870.6,10000.0,1260.0,33130.6,1259.0,0.0027842000126838684
500,15000,26018.2,15000.0,1447.6,42465.8,1446.6,0.0035813000285997987
500,20000,28491.8,20000.0,1555.6,50047.4,1554.6,0.003914000000804663
500,25000,30977.6,25000.0,1664.4,57642.0,1663.4,0.004316400038078427
500,30000,31816.6,30000.0,1702.2,63518.8,1701.2,0.004988599976059049
500,35000,33189.6,35000.0,1763.6,69953.2,1762.6,0.004967199987731874
500,40000,33859.0,40000.0,1797.0,75656.0,1796.0,0.005549599998630583
500,45000,34454.0,45000.0,1822.8,81276.8,1821.8,0.005957899964414537
500,50000,35327.4,50000.0,1863.0,87190.4,1862.0,0.006106100045144558
500,55000,36434.8,55000.0,1911.8,93346.6,1910.8,0.006410699978005141
500,60000,37593.0,60000.0,1967.2,99560.2,1966.2,0.007332099950872362
500,65000,37749.8,65000.0,1972.2,104722.0,1971.2,0.007288400025572628
500,70000,37883.6,70000.0,1978.2,109861.8,1977.2,0.0073803000268526375
500,75000,38462.6,75000.0,2005.8,115468.4,2004.8,0.008311399957165122
500,80000,38527.0,80000.0,2009.6,120536.6,2008.6,0.008372599957510829
500,85000,39533.0,85000.0,2058.8,126591.8,2057.8,0.009353300032671541
500,90000,39877.2,90000.0,2069.0,131946.2,2068.0,0.00903620000462979
500,95000,40079.8,95000.0,2082.0,137161.8,2081.0,0.009417499997653067
500,100000,40465.0,100000.0,2097.8,142562.8,2096.8,0.010196999995969236
600,5000,18126.0,5000.0,1094.0,24220.0,1093.0,0.0022004999918863177
600,10000,25462.8,10000.0,1445.4,36908.2,1444.4,0.0032160000409930944
600,15000,30438.4,15000.0,1657.4,47095.8,1656.4,0.003917199966963381
600,20000,33533.8,20000.0,1793.4,55327.2,1792.4,0.004655099997762591
600,25000,35809.8,25000.0,1893.0,62702.8,1892.0,0.004991699999663979
600,30000,37927.8,30000.0,1990.2,69918.0,1989.2,0.005621700023766607
600,35000,39351.6,35000.0,2055.6,76407.2,2054.6,0.00585390004562214
600,40000,40466.8,40000.0,2107.6,82574.4,2106.6,0.006581399997230619
600,45000,41761.0,45000.0,2165.2,88926.2,2164.2,0.006954200041946024
600,50000,42604.6,50000.0,2203.8,94808.4,2202.8,0.006666400004178286
600,55000,43196.0,55000.0,2231.6,100427.6,2230.6,0.007779199979268014
600,60000,44136.0,60000.0,2276.4,106412.4,2275.4,0.007959299953654408
600,65000,44944.0,65000.0,2309.4,112253.4,2308.4,0.008519299968611449
600,70000,45241.6,70000.0,2328.6,117570.2,2327.6,0.00885699997888878
600,75000,45913.6,75000.0,2356.0,123269.6,2355.0,0.009014500014018267
600,80000,46554.8,80000.0,2386.6,128941.4,2385.6,0.009709400008432567
600,85000,47139.6,85000.0,2401.6,134541.2,2400.6,0.010860900045372546
600,90000,47267.0,90000.0,2408.8,139675.8,2407.8,0.01060089998645708
600,95000,47616.2,95000.0,2422.8,145039.0,2421.8,0.011263999971561134
600,100000,48271.8,100000.0,2445.2,150717.0,2444.2,0.012912500009406358
700,5000,19703.2,5000.0,1182.0,25885.2,1181.0,0.0023421000223606825
700,10000,28362.4,10000.0,1580.8,39943.2,1579.8,0.0034860000014305115
700,15000,33296.4,15000.0,1796.0,50092.4,1795.0,0.004363899992313236
700,20000,37251.8,20000.0,1974.8,59226.6,1973.8,0.004880899970885366
700,25000,40150.8,25000.0,2102.4,67253.2,2101.4,0.005502399988472462
700,30000,42811.6,30000.0,2220.8,75032.4,2219.8,0.005939199996646494
700,35000,44583.2,35000.0,2302.4,81885.6,2301.4,0.006591699959244579
700,40000,46272.8,40000.0,2379.8,88652.6,2378.8,0.006787699996493757
700,45000,47642.2,45000.0,2447.6,95089.8,2446.6,0.008009099983610213
700,50000,48762.8,50000.0,2492.0,101254.8,2491.0,0.008220899966545403
700,55000,50021.4,55000.0,2535.0,107556.4,2534.0,0.00886599998921156
700,60000,51377.6,60000.0,2590.2,113967.8,2589.2,0.008747600018978119
700,65000,52360.8,65000.0,2627.2,119988.0,2626.2,0.009570199996232986
700,70000,53554.0,70000.0,2675.2,126229.2,2674.2,0.01004540000576526
700,75000,53958.0,75000.0,2689.4,131647.4,2688.4,0.011569600028451532
700,80000,54300.2,80000.0,2704.6,137004.8,2703.6,0.011523199966177344
700,85000,55336.2,85000.0,2744.8,143081.0,2743.8,0.011306800006423146
700,90000,56067.6,90000.0,2778.4,148846.0,2777.4,0.012001399998553097
700,95000,56755.6,95000.0,2805.0,154560.6,2804.0,0.013043000013567507
700,100000,57465.4,100000.0,2839.4,160304.8,2838.4,0.013511799974367023
800,5000,21339.6,5000.0,1277.6,27617.2,1276.6,0.002617799967993051
800,10000,30892.0,10000.0,1708.8,42600.8,1707.8,0.003954900021199137
800,15000,37314.8,15000.0,1987.4,54302.2,1986.4,0.004731799999717623
800,20000,41940.0,20000.0,2194.6,64134.6,2193.6,0.005378799978643656
800,25000,45413.6,25000.0,2349.8,72763.4,2348.8,0.006302600027993321
800,30000,47915.4,30000.0,2462.4,80377.8,2461.4,0.006693199975416064
800,35000,50226.0,35000.0,2570.2,87796.2,2569.2,0.007164699956774712
800,40000,52915.8,40000.0,2671.4,95587.2,2670.4,0.007982600014656782
800,45000,54173.4,45000.0,2713.4,101886.8,2712.4,0.00876499997684732
800,50000,55607.2,50000.0,2771.6,108378.8,2770.6,0.009276600030716509
800,55000,56693.2,55000.0,2814.0,114507.2,2813.0,0.009819600032642484
800,60000,57992.2,60000.0,2872.0,120864.2,2871.0,0.009970100014470518
800,65000,58944.4,65000.0,2910.8,126855.2,2909.8,0.010715199983678758
800,70000,59248.4,70000.0,2924.2,132172.6,2923.2,0.010409899987280369
800,75000,60112.6,75000.0,2958.6,138071.2,2957.6,0.011613300011958927
800,80000,60265.4,80000.0,2963.0,143228.4,2962.0,0.011471699981484562
800,85000,61599.6,85000.0,3016.8,149616.4,3015.8,0.012440499966032803
800,90000,62713.4,90000.0,3065.2,155778.6,3064.2,0.012626800045836717
800,95000,62936.2,95000.0,3076.8,161013.0,3075.8,0.013801599969156086
800,100000,63732.4,100000.0,3106.6,166839.0,3105.6,0.014314499974716455
900,5000,23189.6,5000.0,1381.6,29571.2,1380.6,0.0027369000017642975
900,10000,33364.4,10000.0,1829.2,45193.6,1828.2,0.004163699981290847
900,15000,40908.6,15000.0,2156.6,58065.2,2155.6,0.005167499999515712
900,20000,45180.6,20000.0,2352.4,67533.0,2351.4,0.006216300011146814
900,25000,49126.4,25000.0,2529.8,76656.2,2528.8,0.006652000010944903
900,30000,52218.6,30000.0,2665.4,84884.0,2664.4,0.007850199996028095
900,35000,55231.0,35000.0,2779.0,93010.0,2778.0,0.008195800008252263
900,40000,57542.2,40000.0,2873.2,100415.4,2872.2,0.008494500012602657
900,45000,59874.2,45000.0,2965.6,107839.8,2964.6,0.00951640005223453
900,50000,61567.2,50000.0,3033.4,114600.6,3032.4,0.010006199998315424
900,55000,63507.2,55000.0,3112.2,121619.4,3111.2,0.010709199996199459
900,60000,65250.0,60000.0,3182.2,128432.2,3181.2,0.01130469999043271
900,65000,66136.2,65000.0,3219.6,134355.8,3218.6,0.011710899998433888
900,70000,67388.4,70000.0,3267.8,140656.2,3266.8,0.01255090004997328
900,75000,68260.4,75000.0,3306.2,146566.6,3305.2,0.012684700021054596
900,80000,69196.0,80000.0,3347.4,152543.4,3346.4,0.013205200026277453
900,85000,70186.6,85000.0,3389.6,158576.2,3388.6,0.01372389995958656
900,90000,71110.4,90000.0,3427.0,164537.4,3426.0,0.01452999998582527
900,95000,71806.2,95000.0,3454.8,170261.0,3453.8,0.015597499965224415
900,100000,72143.4,100000.0,3472.6,175616.0,3471.6,0.0163940999773331
1000,5000,24333.2,5000.0,1453.4,30786.6,1452.4,0.002864799986127764
1000,10000,35763.2,10000.0,1952.0,47715.2,1951.0,0.004371999995782971
1000,15000,43705.0,15000.0,2295.6,61000.6,2294.6,0.00550849997671321
1000,20000,49504.4,20000.0,2548.6,72053.0,2547.6,0.006319399981293827
1000,25000,54402.6,25000.0,2759.6,82162.2,2758.6,0.0072737999726086855
1000,30000,57812.4,30000.0,2895.0,90707.4,2894.0,0.007960099959746003
1000,35000,61300.4,35000.0,3034.8,99335.2,3033.8,0.00893710000673309
1000,40000,64663.0,40000.0,3171.6,107834.6,3170.6,0.010404500004369766
1000,45000,66445.8,45000.0,3242.6,114688.4,3241.6,0.009964400029275566
1000,50000,67866.0,50000.0,3298.4,121164.4,3297.4,0.010972300020512193
1000,55000,69505.4,55000.0,3368.4,127873.8,3367.4,0.011790899967309088
1000,60000,70675.4,60000.0,3418.2,134093.6,3417.2,0.0121256000129506
1000,65000,72357.0,65000.0,3488.0,140845.0,3487.0,0.013142700016032904
1000,70000,73558.8,70000.0,3535.4,147094.2,3534.4,0.01341289997799322
1000,75000,74593.4,75000.0,3585.2,153178.6,3584.2,0.013924599974416196
1000,80000,75254.0,80000.0,3610.2,158864.2,3609.2,0.0136085000121966
1000,85000,75928.2,85000.0,3636.4,164564.6,3635.4,0.014765899977646768
1000,90000,77004.4,90000.0,3681.8,170686.2,3680.8,0.016419499996118248
1000,95000,78211.2,95000.0,3736.0,176947.2,3735.0,0.016314600012265146
1000,100000,79755.2,100000.0,3796.2,183551.4,3795.2,0.01698509999550879
